{
  "scene": "2bff9ec89ca982c9",
  "num_classes": 150,
  "pairs": [
    "2v->4v",
    "4v->6v",
    "6v->8v"
  ],
  "methods": {
    "base": {
      "2v->4v": {
        "mIoU_present": 0.32515003565652856,
        "mIoU_all_150_absent_zero": 0.054191672609421426,
        "num_present_classes": 25,
        "present_classes": [
          0,
          3,
          5,
          8,
          10,
          14,
          15,
          18,
          19,
          22,
          33,
          47,
          49,
          66,
          70,
          71,
          73,
          85,
          119,
          123,
          124,
          129,
          133,
          137,
          142
        ],
        "intersections": [
          127836,
          23960,
          19433,
          28,
          47517,
          0,
          163,
          7367,
          1457,
          0,
          0,
          487,
          0,
          0,
          14,
          16,
          99785,
          0,
          1661,
          0,
          106,
          6798,
          62,
          1577,
          51
        ],
        "unions": [
          163798,
          34318,
          25305,
          2059,
          67808,
          146,
          1810,
          17844,
          4434,
          138,
          98,
          584,
          96,
          6,
          322,
          148,
          108924,
          24,
          2901,
          2,
          197,
          12687,
          393,
          3840,
          232
        ],
        "valid_pixels": 393216
      },
      "4v->6v": {
        "mIoU_present": 0.38985608386858106,
        "mIoU_all_150_absent_zero": 0.06497601397809684,
        "num_present_classes": 25,
        "present_classes": [
          0,
          3,
          5,
          8,
          10,
          14,
          15,
          18,
          19,
          22,
          33,
          44,
          47,
          49,
          66,
          70,
          71,
          73,
          85,
          119,
          124,
          129,
          133,
          137,
          142
        ],
        "intersections": [
          131502,
          24503,
          18752,
          275,
          49512,
          50,
          421,
          7665,
          1682,
          1,
          0,
          0,
          399,
          42,
          0,
          160,
          0,
          100733,
          0,
          1776,
          160,
          6506,
          259,
          1722,
          56
        ],
        "unions": [
          160336,
          32906,
          23153,
          2112,
          69770,
          233,
          1387,
          16069,
          4466,
          139,
          64,
          8,
          620,
          221,
          4,
          265,
          35,
          109056,
          14,
          2958,
          269,
          11583,
          790,
          3545,
          253
        ],
        "valid_pixels": 393216
      },
      "6v->8v": {
        "mIoU_present": 0.44927693342565733,
        "mIoU_all_150_absent_zero": 0.06888912979193412,
        "num_present_classes": 23,
        "present_classes": [
          0,
          3,
          5,
          8,
          10,
          14,
          15,
          18,
          19,
          22,
          33,
          44,
          47,
          49,
          70,
          71,
          73,
          119,
          124,
          129,
          133,
          137,
          142
        ],
        "intersections": [
          134668,
          24588,
          17932,
          332,
          51810,
          7,
          480,
          9073,
          1652,
          0,
          0,
          0,
          385,
          106,
          10,
          0,
          101336,
          1983,
          216,
          7010,
          644,
          1579,
          57
        ],
        "unions": [
          159935,
          31331,
          21441,
          1849,
          69219,
          160,
          1274,
          15617,
          4465,
          3,
          1,
          8,
          494,
          335,
          224,
          6,
          107641,
          3132,
          276,
          10908,
          920,
          3059,
          266
        ],
        "valid_pixels": 393216
      }
    },
    "depthsplat": {
      "2v->4v": {
        "mIoU_present": 0.3347302355231081,
        "mIoU_all_150_absent_zero": 0.053556837683697296,
        "num_present_classes": 24,
        "present_classes": [
          0,
          3,
          5,
          8,
          10,
          14,
          15,
          18,
          19,
          33,
          44,
          47,
          49,
          66,
          70,
          71,
          73,
          85,
          119,
          124,
          129,
          133,
          137,
          142
        ],
        "intersections": [
          120286,
          24998,
          15336,
          99,
          48118,
          2,
          651,
          11266,
          1249,
          0,
          1,
          591,
          3,
          0,
          0,
          0,
          95703,
          3,
          1665,
          49,
          6894,
          700,
          1116,
          23
        ],
        "unions": [
          160441,
          38546,
          23717,
          2215,
          72409,
          501,
          3412,
          22224,
          4963,
          102,
          124,
          779,
          191,
          12,
          79,
          28,
          108866,
          56,
          3060,
          222,
          11305,
          1286,
          3071,
          70
        ],
        "valid_pixels": 393216
      },
      "4v->6v": {
        "mIoU_present": 0.3749365890755898,
        "mIoU_all_150_absent_zero": 0.05998985425209437,
        "num_present_classes": 24,
        "present_classes": [
          0,
          3,
          5,
          8,
          10,
          14,
          15,
          18,
          19,
          33,
          44,
          47,
          49,
          66,
          70,
          71,
          73,
          85,
          119,
          124,
          129,
          133,
          137,
          142
        ],
        "intersections": [
          128373,
          25138,
          13412,
          330,
          47314,
          13,
          708,
          8828,
          1299,
          0,
          0,
          534,
          40,
          1,
          54,
          4,
          98291,
          3,
          1819,
          67,
          5889,
          777,
          1349,
          31
        ],
        "unions": [
          163966,
          36584,
          20354,
          1693,
          71944,
          345,
          2247,
          19446,
          4273,
          136,
          27,
          898,
          186,
          32,
          199,
          67,
          110002,
          199,
          3053,
          259,
          10735,
          1105,
          4332,
          76
        ],
        "valid_pixels": 393216
      },
      "6v->8v": {
        "mIoU_present": 0.41595247977629674,
        "mIoU_all_150_absent_zero": 0.06655239676420747,
        "num_present_classes": 24,
        "present_classes": [
          0,
          3,
          5,
          8,
          10,
          14,
          15,
          18,
          19,
          33,
          44,
          47,
          49,
          66,
          70,
          71,
          73,
          85,
          119,
          124,
          129,
          133,
          137,
          142
        ],